Anno,Tipo,Valori tipo,Valori
1861,Bovini e bufalini,Numero (n capi),924.0
1862,Bovini e bufalini,Numero (n capi),838.0
1863,Bovini e bufalini,Numero (n capi),775.0
1864,Bovini e bufalini,Numero (n capi),718.0
1865,Bovini e bufalini,Numero (n capi),663.0
1866,Bovini e bufalini,Numero (n capi),592.0
1867,Bovini e bufalini,Numero (n capi),596.0
1868,Bovini e bufalini,Numero (n capi),610.0
1869,Bovini e bufalini,Numero (n capi),619.0
1870,Bovini e bufalini,Numero (n capi),707.0
1871,Bovini e bufalini,Numero (n capi),744.0
1872,Bovini e bufalini,Numero (n capi),824.0
1873,Bovini e bufalini,Numero (n capi),890.0
1874,Bovini e bufalini,Numero (n capi),976.0
1875,Bovini e bufalini,Numero (n capi),1013.0
1876,Bovini e bufalini,Numero (n capi),1015.0
1877,Bovini e bufalini,Numero (n capi),986.0
1878,Bovini e bufalini,Numero (n capi),981.0
1879,Bovini e bufalini,Numero (n capi),999.0
1880,Bovini e bufalini,Numero (n capi),1030.0
1881,Bovini e bufalini,Numero (n capi),992.0
1882,Bovini e bufalini,Numero (n capi),1021.0
1883,Bovini e bufalini,Numero (n capi),1069.0
1884,Bovini e bufalini,Numero (n capi),1182.0
1885,Bovini e bufalini,Numero (n capi),1260.0
1886,Bovini e bufalini,Numero (n capi),1296.0
1887,Bovini e bufalini,Numero (n capi),1344.0
1888,Bovini e bufalini,Numero (n capi),1470.0
1889,Bovini e bufalini,Numero (n capi),1476.0
1890,Bovini e bufalini,Numero (n capi),1396.0
1891,Bovini e bufalini,Numero (n capi),1364.0
1892,Bovini e bufalini,Numero (n capi),1364.0
1893,Bovini e bufalini,Numero (n capi),1348.0
1894,Bovini e bufalini,Numero (n capi),1305.0
1895,Bovini e bufalini,Numero (n capi),1318.0
1896,Bovini e bufalini,Numero (n capi),1329.0
1897,Bovini e bufalini,Numero (n capi),1334.0
1898,Bovini e bufalini,Numero (n capi),1295.0
1899,Bovini e bufalini,Numero (n capi),1309.0
1900,Bovini e bufalini,Numero (n capi),1289.0
1901,Bovini e bufalini,Numero (n capi),1327.0
1902,Bovini e bufalini,Numero (n capi),1350.0
1903,Bovini e bufalini,Numero (n capi),1389.0
1904,Bovini e bufalini,Numero (n capi),1406.0
1905,Bovini e bufalini,Numero (n capi),1450.0
1906,Bovini e bufalini,Numero (n capi),1514.0
1907,Bovini e bufalini,Numero (n capi),1525.0
1908,Bovini e bufalini,Numero (n capi),1563.0
1909,Bovini e bufalini,Numero (n capi),1575.0
1910,Bovini e bufalini,Numero (n capi),1586.0
1861,Bovini e bufalini,Peso (n morto),1243.0
1862,Bovini e bufalini,Peso (n morto),1042.0
1863,Bovini e bufalini,Peso (n morto),940.0
1864,Bovini e bufalini,Peso (n morto),999.0
1865,Bovini e bufalini,Peso (n morto),957.0
1866,Bovini e bufalini,Peso (n morto),936.0
1867,Bovini e bufalini,Peso (n morto),933.0
1868,Bovini e bufalini,Peso (n morto),946.0
1869,Bovini e bufalini,Peso (n morto),977.0
1870,Bovini e bufalini,Peso (n morto),1020.0
1871,Bovini e bufalini,Peso (n morto),1087.0
1872,Bovini e bufalini,Peso (n morto),1172.0
1873,Bovini e bufalini,Peso (n morto),1280.0
1874,Bovini e bufalini,Peso (n morto),1410.0
1875,Bovini e bufalini,Peso (n morto),1564.0
1876,Bovini e bufalini,Peso (n morto),1532.0
1877,Bovini e bufalini,Peso (n morto),1510.0
1878,Bovini e bufalini,Peso (n morto),1503.0
1879,Bovini e bufalini,Peso (n morto),1509.0
1880,Bovini e bufalini,Peso (n morto),1526.0
1881,Bovini e bufalini,Peso (n morto),1558.0
1882,Bovini e bufalini,Peso (n morto),1603.0
1883,Bovini e bufalini,Peso (n morto),1663.0
1884,Bovini e bufalini,Peso (n morto),1739.0
1885,Bovini e bufalini,Peso (n morto),1828.0
1886,Bovini e bufalini,Peso (n morto),1932.0
1887,Bovini e bufalini,Peso (n morto),2052.0
1888,Bovini e bufalini,Peso (n morto),2049.0
1889,Bovini e bufalini,Peso (n morto),2049.0
1890,Bovini e bufalini,Peso (n morto),2051.0
1891,Bovini e bufalini,Peso (n morto),2062.0
1892,Bovini e bufalini,Peso (n morto),2055.0
1893,Bovini e bufalini,Peso (n morto),2035.0
1894,Bovini e bufalini,Peso (n morto),2014.0
1895,Bovini e bufalini,Peso (n morto),1991.0
1896,Bovini e bufalini,Peso (n morto),1969.0
1897,Bovini e bufalini,Peso (n morto),1947.0
1898,Bovini e bufalini,Peso (n morto),1925.0
1899,Bovini e bufalini,Peso (n morto),1935.0
1900,Bovini e bufalini,Peso (n morto),1944.0
1901,Bovini e bufalini,Peso (n morto),1949.0
1902,Bovini e bufalini,Peso (n morto),1956.0
1903,Bovini e bufalini,Peso (n morto),1961.0
1904,Bovini e bufalini,Peso (n morto),1978.0
1905,Bovini e bufalini,Peso (n morto),1992.0
1906,Bovini e bufalini,Peso (n morto),2006.0
1907,Bovini e bufalini,Peso (n morto),2024.0
1908,Bovini e bufalini,Peso (n morto),2044.0
1909,Bovini e bufalini,Peso (n morto),2069.0
1910,Bovini e bufalini,Peso (n morto),2090.0
1861,Ovini e caprini,Numero (n capi),6405.0
1862,Ovini e caprini,Numero (n capi),5862.0
1863,Ovini e caprini,Numero (n capi),5397.0
1864,Ovini e caprini,Numero (n capi),5010.0
1865,Ovini e caprini,Numero (n capi),4684.0
1866,Ovini e caprini,Numero (n capi),4729.0
1867,Ovini e caprini,Numero (n capi),4752.0
1868,Ovini e caprini,Numero (n capi),4643.0
1869,Ovini e caprini,Numero (n capi),4659.0
1870,Ovini e caprini,Numero (n capi),4916.0
1871,Ovini e caprini,Numero (n capi),5144.0
1872,Ovini e caprini,Numero (n capi),5704.0
1873,Ovini e caprini,Numero (n capi),6063.0
1874,Ovini e caprini,Numero (n capi),6219.0
1875,Ovini e caprini,Numero (n capi),6329.0
1876,Ovini e caprini,Numero (n capi),7339.0
1877,Ovini e caprini,Numero (n capi),7515.0
1878,Ovini e caprini,Numero (n capi),6951.0
1879,Ovini e caprini,Numero (n capi),7014.0
1880,Ovini e caprini,Numero (n capi),7102.0
1881,Ovini e caprini,Numero (n capi),7432.0
1882,Ovini e caprini,Numero (n capi),7416.0
1883,Ovini e caprini,Numero (n capi),7362.0
1884,Ovini e caprini,Numero (n capi),7366.0
1885,Ovini e caprini,Numero (n capi),7343.0
1886,Ovini e caprini,Numero (n capi),7653.0
1887,Ovini e caprini,Numero (n capi),7465.0
1888,Ovini e caprini,Numero (n capi),7271.0
1889,Ovini e caprini,Numero (n capi),7004.0
1890,Ovini e caprini,Numero (n capi),6433.0
1891,Ovini e caprini,Numero (n capi),6491.0
1892,Ovini e caprini,Numero (n capi),6263.0
1893,Ovini e caprini,Numero (n capi),6075.0
1894,Ovini e caprini,Numero (n capi),5945.0
1895,Ovini e caprini,Numero (n capi),5863.0
1896,Ovini e caprini,Numero (n capi),5825.0
1897,Ovini e caprini,Numero (n capi),5865.0
1898,Ovini e caprini,Numero (n capi),5952.0
1899,Ovini e caprini,Numero (n capi),6079.0
1900,Ovini e caprini,Numero (n capi),6283.0
1901,Ovini e caprini,Numero (n capi),6499.0
1902,Ovini e caprini,Numero (n capi),6059.0
1903,Ovini e caprini,Numero (n capi),6370.0
1904,Ovini e caprini,Numero (n capi),6665.0
1905,Ovini e caprini,Numero (n capi),6464.0
1906,Ovini e caprini,Numero (n capi),6695.0
1907,Ovini e caprini,Numero (n capi),6897.0
1908,Ovini e caprini,Numero (n capi),7133.0
1909,Ovini e caprini,Numero (n capi),7401.0
1910,Ovini e caprini,Numero (n capi),7641.0
1861,Ovini e caprini,Peso (n morto),482.0
1862,Ovini e caprini,Peso (n morto),451.0
1863,Ovini e caprini,Peso (n morto),423.0
1864,Ovini e caprini,Peso (n morto),409.0
1865,Ovini e caprini,Peso (n morto),399.0
1866,Ovini e caprini,Peso (n morto),395.0
1867,Ovini e caprini,Peso (n morto),397.0
1868,Ovini e caprini,Peso (n morto),402.0
1869,Ovini e caprini,Peso (n morto),414.0
1870,Ovini e caprini,Peso (n morto),424.0
1871,Ovini e caprini,Peso (n morto),446.0
1872,Ovini e caprini,Peso (n morto),471.0
1873,Ovini e caprini,Peso (n morto),487.0
1874,Ovini e caprini,Peso (n morto),506.0
1875,Ovini e caprini,Peso (n morto),523.0
1876,Ovini e caprini,Peso (n morto),543.0
1877,Ovini e caprini,Peso (n morto),560.0
1878,Ovini e caprini,Peso (n morto),574.0
1879,Ovini e caprini,Peso (n morto),586.0
1880,Ovini e caprini,Peso (n morto),601.0
1881,Ovini e caprini,Peso (n morto),613.0
1882,Ovini e caprini,Peso (n morto),628.0
1883,Ovini e caprini,Peso (n morto),639.0
1884,Ovini e caprini,Peso (n morto),646.0
1885,Ovini e caprini,Peso (n morto),657.0
1886,Ovini e caprini,Peso (n morto),665.0
1887,Ovini e caprini,Peso (n morto),675.0
1888,Ovini e caprini,Peso (n morto),683.0
1889,Ovini e caprini,Peso (n morto),658.0
1890,Ovini e caprini,Peso (n morto),635.0
1891,Ovini e caprini,Peso (n morto),609.0
1892,Ovini e caprini,Peso (n morto),583.0
1893,Ovini e caprini,Peso (n morto),581.0
1894,Ovini e caprini,Peso (n morto),578.0
1895,Ovini e caprini,Peso (n morto),576.0
1896,Ovini e caprini,Peso (n morto),573.0
1897,Ovini e caprini,Peso (n morto),571.0
1898,Ovini e caprini,Peso (n morto),568.0
1899,Ovini e caprini,Peso (n morto),553.0
1900,Ovini e caprini,Peso (n morto),540.0
1901,Ovini e caprini,Peso (n morto),524.0
1902,Ovini e caprini,Peso (n morto),510.0
1903,Ovini e caprini,Peso (n morto),493.0
1904,Ovini e caprini,Peso (n morto),475.0
1905,Ovini e caprini,Peso (n morto),461.0
1906,Ovini e caprini,Peso (n morto),443.0
1907,Ovini e caprini,Peso (n morto),459.0
1908,Ovini e caprini,Peso (n morto),476.0
1909,Ovini e caprini,Peso (n morto),491.0
1910,Ovini e caprini,Peso (n morto),509.0
1861,Suini,Numero (n capi),3194.0
1862,Suini,Numero (n capi),2496.0
1863,Suini,Numero (n capi),2216.0
1864,Suini,Numero (n capi),1909.0
1865,Suini,Numero (n capi),1691.0
1866,Suini,Numero (n capi),1774.0
1867,Suini,Numero (n capi),1816.0
1868,Suini,Numero (n capi),1727.0
1869,Suini,Numero (n capi),1730.0
1870,Suini,Numero (n capi),1819.0
1871,Suini,Numero (n capi),2056.0
1872,Suini,Numero (n capi),2236.0
1873,Suini,Numero (n capi),2359.0
1874,Suini,Numero (n capi),2434.0
1875,Suini,Numero (n capi),2499.0
1876,Suini,Numero (n capi),2829.0
1877,Suini,Numero (n capi),2828.0
1878,Suini,Numero (n capi),2753.0
1879,Suini,Numero (n capi),2799.0
1880,Suini,Numero (n capi),2878.0
1881,Suini,Numero (n capi),3064.0
1882,Suini,Numero (n capi),3137.0
1883,Suini,Numero (n capi),3140.0
1884,Suini,Numero (n capi),3148.0
1885,Suini,Numero (n capi),3125.0
1886,Suini,Numero (n capi),3383.0
1887,Suini,Numero (n capi),3336.0
1888,Suini,Numero (n capi),3244.0
1889,Suini,Numero (n capi),3351.0
1890,Suini,Numero (n capi),3146.0
1891,Suini,Numero (n capi),3003.0
1892,Suini,Numero (n capi),2975.0
1893,Suini,Numero (n capi),2930.0
1894,Suini,Numero (n capi),2896.0
1895,Suini,Numero (n capi),2875.0
1896,Suini,Numero (n capi),2922.0
1897,Suini,Numero (n capi),2976.0
1898,Suini,Numero (n capi),3031.0
1899,Suini,Numero (n capi),3121.0
1900,Suini,Numero (n capi),2981.0
1901,Suini,Numero (n capi),3190.0
1902,Suini,Numero (n capi),3291.0
1903,Suini,Numero (n capi),3345.0
1904,Suini,Numero (n capi),3478.0
1905,Suini,Numero (n capi),3476.0
1906,Suini,Numero (n capi),3562.0
1907,Suini,Numero (n capi),3657.0
1908,Suini,Numero (n capi),3662.0
1909,Suini,Numero (n capi),3631.0
1910,Suini,Numero (n capi),3602.0
1861,Suini,Peso (n morto),2686.0
1862,Suini,Peso (n morto),2121.0
1863,Suini,Peso (n morto),1901.0
1864,Suini,Peso (n morto),1716.0
1865,Suini,Peso (n morto),1607.0
1866,Suini,Peso (n morto),1530.0
1867,Suini,Peso (n morto),1496.0
1868,Suini,Peso (n morto),1525.0
1869,Suini,Peso (n morto),1581.0
1870,Suini,Peso (n morto),1671.0
1871,Suini,Peso (n morto),1816.0
1872,Suini,Peso (n morto),2016.0
1873,Suini,Peso (n morto),2110.0
1874,Suini,Peso (n morto),2232.0
1875,Suini,Peso (n morto),2328.0
1876,Suini,Peso (n morto),2452.0
1877,Suini,Peso (n morto),2550.0
1878,Suini,Peso (n morto),2593.0
1879,Suini,Peso (n morto),2636.0
1880,Suini,Peso (n morto),2650.0
1881,Suini,Peso (n morto),2724.0
1882,Suini,Peso (n morto),2771.0
1883,Suini,Peso (n morto),2820.0
1884,Suini,Peso (n morto),2841.0
1885,Suini,Peso (n morto),2890.0
1886,Suini,Peso (n morto),2911.0
1887,Suini,Peso (n morto),2962.0
1888,Suini,Peso (n morto),2983.0
1889,Suini,Peso (n morto),2944.0
1890,Suini,Peso (n morto),2904.0
1891,Suini,Peso (n morto),2863.0
1892,Suini,Peso (n morto),2821.0
1893,Suini,Peso (n morto),2841.0
1894,Suini,Peso (n morto),2829.0
1895,Suini,Peso (n morto),2848.0
1896,Suini,Peso (n morto),2867.0
1897,Suini,Peso (n morto),2855.0
1898,Suini,Peso (n morto),2873.0
1899,Suini,Peso (n morto),2764.0
1900,Suini,Peso (n morto),2685.0
1901,Suini,Peso (n morto),2635.0
1902,Suini,Peso (n morto),2583.0
1903,Suini,Peso (n morto),2562.0
1904,Suini,Peso (n morto),2542.0
1905,Suini,Peso (n morto),2556.0
1906,Suini,Peso (n morto),2586.0
1907,Suini,Peso (n morto),2614.0
1908,Suini,Peso (n morto),2703.0
1909,Suini,Peso (n morto),2794.0
1910,Suini,Peso (n morto),2922.0
1861,Equini,Numero (n capi),19.0
1862,Equini,Numero (n capi),19.0
1863,Equini,Numero (n capi),18.0
1864,Equini,Numero (n capi),18.0
1865,Equini,Numero (n capi),18.0
1866,Equini,Numero (n capi),19.0
1867,Equini,Numero (n capi),19.0
1868,Equini,Numero (n capi),20.0
1869,Equini,Numero (n capi),21.0
1870,Equini,Numero (n capi),23.0
1871,Equini,Numero (n capi),25.0
1872,Equini,Numero (n capi),26.0
1873,Equini,Numero (n capi),27.0
1874,Equini,Numero (n capi),28.0
1875,Equini,Numero (n capi),28.0
1876,Equini,Numero (n capi),28.0
1877,Equini,Numero (n capi),30.0
1878,Equini,Numero (n capi),30.0
1879,Equini,Numero (n capi),30.0
1880,Equini,Numero (n capi),32.0
1881,Equini,Numero (n capi),32.0
1882,Equini,Numero (n capi),34.0
1883,Equini,Numero (n capi),34.0
1884,Equini,Numero (n capi),35.0
1885,Equini,Numero (n capi),36.0
1886,Equini,Numero (n capi),36.0
1887,Equini,Numero (n capi),39.0
1888,Equini,Numero (n capi),39.0
1889,Equini,Numero (n capi),38.0
1890,Equini,Numero (n capi),37.0
1891,Equini,Numero (n capi),37.0
1892,Equini,Numero (n capi),38.0
1893,Equini,Numero (n capi),38.0
1894,Equini,Numero (n capi),38.0
1895,Equini,Numero (n capi),39.0
1896,Equini,Numero (n capi),39.0
1897,Equini,Numero (n capi),39.0
1898,Equini,Numero (n capi),39.0
1899,Equini,Numero (n capi),40.0
1900,Equini,Numero (n capi),40.0
1901,Equini,Numero (n capi),42.0
1902,Equini,Numero (n capi),43.0
1903,Equini,Numero (n capi),43.0
1904,Equini,Numero (n capi),43.0
1905,Equini,Numero (n capi),44.0
1906,Equini,Numero (n capi),46.0
1907,Equini,Numero (n capi),48.0
1908,Equini,Numero (n capi),51.0
1909,Equini,Numero (n capi),53.0
1910,Equini,Numero (n capi),54.0
1861,Equini,Peso (n morto),25.0
1862,Equini,Peso (n morto),25.0
1863,Equini,Peso (n morto),25.0
1864,Equini,Peso (n morto),27.0
1865,Equini,Peso (n morto),28.0
1866,Equini,Peso (n morto),28.0
1867,Equini,Peso (n morto),30.0
1868,Equini,Peso (n morto),31.0
1869,Equini,Peso (n morto),31.0
1870,Equini,Peso (n morto),32.0
1871,Equini,Peso (n morto),35.0
1872,Equini,Peso (n morto),35.0
1873,Equini,Peso (n morto),38.0
1874,Equini,Peso (n morto),38.0
1875,Equini,Peso (n morto),41.0
1876,Equini,Peso (n morto),41.0
1877,Equini,Peso (n morto),44.0
1878,Equini,Peso (n morto),45.0
1879,Equini,Peso (n morto),45.0
1880,Equini,Peso (n morto),48.0
1881,Equini,Peso (n morto),48.0
1882,Equini,Peso (n morto),49.0
1883,Equini,Peso (n morto),49.0
1884,Equini,Peso (n morto),49.0
1885,Equini,Peso (n morto),53.0
1886,Equini,Peso (n morto),53.0
1887,Equini,Peso (n morto),53.0
1888,Equini,Peso (n morto),54.0
1889,Equini,Peso (n morto),54.0
1890,Equini,Peso (n morto),54.0
1891,Equini,Peso (n morto),52.0
1892,Equini,Peso (n morto),52.0
1893,Equini,Peso (n morto),53.0
1894,Equini,Peso (n morto),50.0
1895,Equini,Peso (n morto),50.0
1896,Equini,Peso (n morto),50.0
1897,Equini,Peso (n morto),48.0
1898,Equini,Peso (n morto),48.0
1899,Equini,Peso (n morto),51.0
1900,Equini,Peso (n morto),55.0
1901,Equini,Peso (n morto),55.0
1902,Equini,Peso (n morto),59.0
1903,Equini,Peso (n morto),62.0
1904,Equini,Peso (n morto),66.0
1905,Equini,Peso (n morto),66.0
1906,Equini,Peso (n morto),70.0
1907,Equini,Peso (n morto),70.0
1908,Equini,Peso (n morto),74.0
1909,Equini,Peso (n morto),75.0
1910,Equini,Peso (n morto),79.0
1861,Pollame,Peso (n morto),404.0
1862,Pollame,Peso (n morto),410.0
1863,Pollame,Peso (n morto),414.0
1864,Pollame,Peso (n morto),419.0
1865,Pollame,Peso (n morto),424.0
1866,Pollame,Peso (n morto),430.0
1867,Pollame,Peso (n morto),437.0
1868,Pollame,Peso (n morto),442.0
1869,Pollame,Peso (n morto),450.0
1870,Pollame,Peso (n morto),456.0
1871,Pollame,Peso (n morto),461.0
1872,Pollame,Peso (n morto),466.0
1873,Pollame,Peso (n morto),470.0
1874,Pollame,Peso (n morto),475.0
1875,Pollame,Peso (n morto),480.0
1876,Pollame,Peso (n morto),496.0
1877,Pollame,Peso (n morto),477.0
1878,Pollame,Peso (n morto),458.0
1879,Pollame,Peso (n morto),440.0
1880,Pollame,Peso (n morto),423.0
1881,Pollame,Peso (n morto),435.0
1882,Pollame,Peso (n morto),449.0
1883,Pollame,Peso (n morto),462.0
1884,Pollame,Peso (n morto),474.0
1885,Pollame,Peso (n morto),466.0
1886,Pollame,Peso (n morto),458.0
1887,Pollame,Peso (n morto),450.0
1888,Pollame,Peso (n morto),441.0
1889,Pollame,Peso (n morto),434.0
1890,Pollame,Peso (n morto),424.0
1891,Pollame,Peso (n morto),419.0
1892,Pollame,Peso (n morto),414.0
1893,Pollame,Peso (n morto),409.0
1894,Pollame,Peso (n morto),405.0
1895,Pollame,Peso (n morto),400.0
1896,Pollame,Peso (n morto),406.0
1897,Pollame,Peso (n morto),412.0
1898,Pollame,Peso (n morto),419.0
1899,Pollame,Peso (n morto),426.0
1900,Pollame,Peso (n morto),432.0
1901,Pollame,Peso (n morto),434.0
1902,Pollame,Peso (n morto),435.0
1903,Pollame,Peso (n morto),436.0
1904,Pollame,Peso (n morto),438.0
1905,Pollame,Peso (n morto),440.0
1906,Pollame,Peso (n morto),448.0
1907,Pollame,Peso (n morto),454.0
1908,Pollame,Peso (n morto),462.0
1909,Pollame,Peso (n morto),469.0
1910,Pollame,Peso (n morto),474.0
1861,Conigli e selvaggina,Peso (n morto),100.0
1862,Conigli e selvaggina,Peso (n morto),98.0
1863,Conigli e selvaggina,Peso (n morto),96.0
1864,Conigli e selvaggina,Peso (n morto),99.0
1865,Conigli e selvaggina,Peso (n morto),100.0
1866,Conigli e selvaggina,Peso (n morto),102.0
1867,Conigli e selvaggina,Peso (n morto),109.0
1868,Conigli e selvaggina,Peso (n morto),114.0
1869,Conigli e selvaggina,Peso (n morto),118.0
1870,Conigli e selvaggina,Peso (n morto),120.0
1871,Conigli e selvaggina,Peso (n morto),121.0
1872,Conigli e selvaggina,Peso (n morto),122.0
1873,Conigli e selvaggina,Peso (n morto),120.0
1874,Conigli e selvaggina,Peso (n morto),122.0
1875,Conigli e selvaggina,Peso (n morto),124.0
1876,Conigli e selvaggina,Peso (n morto),126.0
1877,Conigli e selvaggina,Peso (n morto),125.0
1878,Conigli e selvaggina,Peso (n morto),127.0
1879,Conigli e selvaggina,Peso (n morto),129.0
1880,Conigli e selvaggina,Peso (n morto),130.0
1881,Conigli e selvaggina,Peso (n morto),133.0
1882,Conigli e selvaggina,Peso (n morto),133.0
1883,Conigli e selvaggina,Peso (n morto),131.0
1884,Conigli e selvaggina,Peso (n morto),130.0
1885,Conigli e selvaggina,Peso (n morto),129.0
1886,Conigli e selvaggina,Peso (n morto),127.0
1887,Conigli e selvaggina,Peso (n morto),126.0
1888,Conigli e selvaggina,Peso (n morto),124.0
1889,Conigli e selvaggina,Peso (n morto),123.0
1890,Conigli e selvaggina,Peso (n morto),121.0
1891,Conigli e selvaggina,Peso (n morto),121.0
1892,Conigli e selvaggina,Peso (n morto),122.0
1893,Conigli e selvaggina,Peso (n morto),119.0
1894,Conigli e selvaggina,Peso (n morto),118.0
1895,Conigli e selvaggina,Peso (n morto),117.0
1896,Conigli e selvaggina,Peso (n morto),115.0
1897,Conigli e selvaggina,Peso (n morto),113.0
1898,Conigli e selvaggina,Peso (n morto),111.0
1899,Conigli e selvaggina,Peso (n morto),108.0
1900,Conigli e selvaggina,Peso (n morto),105.0
1901,Conigli e selvaggina,Peso (n morto),98.0
1902,Conigli e selvaggina,Peso (n morto),102.0
1903,Conigli e selvaggina,Peso (n morto),100.0
1904,Conigli e selvaggina,Peso (n morto),98.0
1905,Conigli e selvaggina,Peso (n morto),96.0
1906,Conigli e selvaggina,Peso (n morto),95.0
1907,Conigli e selvaggina,Peso (n morto),94.0
1908,Conigli e selvaggina,Peso (n morto),92.0
1909,Conigli e selvaggina,Peso (n morto),90.0
1910,Conigli e selvaggina,Peso (n morto),87.0
1911,Bovini e bufalini,Numero (n capi),1585.0
1912,Bovini e bufalini,Numero (n capi),1556.0
1913,Bovini e bufalini,Numero (n capi),1557.0
1914,Bovini e bufalini,Numero (n capi),1857.0
1915,Bovini e bufalini,Numero (n capi),1745.0
1916,Bovini e bufalini,Numero (n capi),1584.0
1917,Bovini e bufalini,Numero (n capi),1569.0
1918,Bovini e bufalini,Numero (n capi),1476.0
1919,Bovini e bufalini,Numero (n capi),1612.0
1920,Bovini e bufalini,Numero (n capi),1851.0
1921,Bovini e bufalini,Numero (n capi),1857.0
1922,Bovini e bufalini,Numero (n capi),1978.0
1923,Bovini e bufalini,Numero (n capi),1951.0
1924,Bovini e bufalini,Numero (n capi),1591.0
1925,Bovini e bufalini,Numero (n capi),1679.0
1926,Bovini e bufalini,Numero (n capi),2402.0
1927,Bovini e bufalini,Numero (n capi),2517.0
1928,Bovini e bufalini,Numero (n capi),2473.0
1929,Bovini e bufalini,Numero (n capi),2435.0
1930,Bovini e bufalini,Numero (n capi),1818.0
1931,Bovini e bufalini,Numero (n capi),2138.0
1932,Bovini e bufalini,Numero (n capi),2191.0
1933,Bovini e bufalini,Numero (n capi),2179.0
1934,Bovini e bufalini,Numero (n capi),2169.0
1935,Bovini e bufalini,Numero (n capi),2169.0
1936,Bovini e bufalini,Numero (n capi),2207.0
1937,Bovini e bufalini,Numero (n capi),1900.0
1938,Bovini e bufalini,Numero (n capi),2192.0
1939,Bovini e bufalini,Numero (n capi),2457.0
1940,Bovini e bufalini,Numero (n capi),2219.0
1941,Bovini e bufalini,Numero (n capi),2181.0
1942,Bovini e bufalini,Numero (n capi),2532.0
1943,Bovini e bufalini,Numero (n capi),1915.0
1944,Bovini e bufalini,Numero (n capi),894.0
1945,Bovini e bufalini,Numero (n capi),1113.0
1946,Bovini e bufalini,Numero (n capi),1458.0
1947,Bovini e bufalini,Numero (n capi),1233.0
1948,Bovini e bufalini,Numero (n capi),1677.0
1949,Bovini e bufalini,Numero (n capi),1930.0
1950,Bovini e bufalini,Numero (n capi),2068.0
1951,Bovini e bufalini,Numero (n capi),1804.0
1952,Bovini e bufalini,Numero (n capi),1914.0
1953,Bovini e bufalini,Numero (n capi),2416.0
1954,Bovini e bufalini,Numero (n capi),2666.0
1955,Bovini e bufalini,Numero (n capi),2590.0
1956,Bovini e bufalini,Numero (n capi),2653.0
1957,Bovini e bufalini,Numero (n capi),2550.0
1958,Bovini e bufalini,Numero (n capi),2628.0
1959,Bovini e bufalini,Numero (n capi),2915.0
1960,Bovini e bufalini,Numero (n capi),2739.0
1911,Bovini e bufalini,Peso (n morto),2116.0
1912,Bovini e bufalini,Peso (n morto),2221.0
1913,Bovini e bufalini,Peso (n morto),2335.0
1914,Bovini e bufalini,Peso (n morto),2399.0
1915,Bovini e bufalini,Peso (n morto),2365.0
1916,Bovini e bufalini,Peso (n morto),2321.0
1917,Bovini e bufalini,Peso (n morto),2161.0
1918,Bovini e bufalini,Peso (n morto),2195.0
1919,Bovini e bufalini,Peso (n morto),2448.0
1920,Bovini e bufalini,Peso (n morto),2825.0
1921,Bovini e bufalini,Peso (n morto),2493.0
1922,Bovini e bufalini,Peso (n morto),2798.0
1923,Bovini e bufalini,Peso (n morto),2717.0
1924,Bovini e bufalini,Peso (n morto),2061.0
1925,Bovini e bufalini,Peso (n morto),2395.0
1926,Bovini e bufalini,Peso (n morto),3277.0
1927,Bovini e bufalini,Peso (n morto),3878.0
1928,Bovini e bufalini,Peso (n morto),3897.0
1929,Bovini e bufalini,Peso (n morto),3400.0
1930,Bovini e bufalini,Peso (n morto),2462.0
1931,Bovini e bufalini,Peso (n morto),3030.0
1932,Bovini e bufalini,Peso (n morto),3397.0
1933,Bovini e bufalini,Peso (n morto),3251.0
1934,Bovini e bufalini,Peso (n morto),3108.0
1935,Bovini e bufalini,Peso (n morto),3394.0
1936,Bovini e bufalini,Peso (n morto),3383.0
1937,Bovini e bufalini,Peso (n morto),2779.0
1938,Bovini e bufalini,Peso (n morto),3348.0
1939,Bovini e bufalini,Peso (n morto),3575.0
1940,Bovini e bufalini,Peso (n morto),3295.0
1941,Bovini e bufalini,Peso (n morto),3166.0
1942,Bovini e bufalini,Peso (n morto),3320.0
1943,Bovini e bufalini,Peso (n morto),2500.0
1944,Bovini e bufalini,Peso (n morto),1133.0
1945,Bovini e bufalini,Peso (n morto),1543.0
1946,Bovini e bufalini,Peso (n morto),1924.0
1947,Bovini e bufalini,Peso (n morto),1689.0
1948,Bovini e bufalini,Peso (n morto),2280.0
1949,Bovini e bufalini,Peso (n morto),2643.0
1950,Bovini e bufalini,Peso (n morto),2916.0
1951,Bovini e bufalini,Peso (n morto),2668.0
1952,Bovini e bufalini,Peso (n morto),2908.0
1953,Bovini e bufalini,Peso (n morto),3500.0
1954,Bovini e bufalini,Peso (n morto),3958.0
1955,Bovini e bufalini,Peso (n morto),3911.0
1956,Bovini e bufalini,Peso (n morto),4151.0
1957,Bovini e bufalini,Peso (n morto),4060.0
1958,Bovini e bufalini,Peso (n morto),4332.0
1959,Bovini e bufalini,Peso (n morto),4803.0
1960,Bovini e bufalini,Peso (n morto),4663.0
1911,Ovini e caprini,Numero (n capi),7866.0
1912,Ovini e caprini,Numero (n capi),8029.0
1913,Ovini e caprini,Numero (n capi),8166.0
1914,Ovini e caprini,Numero (n capi),8184.0
1915,Ovini e caprini,Numero (n capi),8303.0
1916,Ovini e caprini,Numero (n capi),8353.0
1917,Ovini e caprini,Numero (n capi),8391.0
1918,Ovini e caprini,Numero (n capi),8251.0
1919,Ovini e caprini,Numero (n capi),8240.0
1920,Ovini e caprini,Numero (n capi),8235.0
1921,Ovini e caprini,Numero (n capi),7511.0
1922,Ovini e caprini,Numero (n capi),7656.0
1923,Ovini e caprini,Numero (n capi),7777.0
1924,Ovini e caprini,Numero (n capi),7884.0
1925,Ovini e caprini,Numero (n capi),7980.0
1926,Ovini e caprini,Numero (n capi),8759.0
1927,Ovini e caprini,Numero (n capi),8681.0
1928,Ovini e caprini,Numero (n capi),8029.0
1929,Ovini e caprini,Numero (n capi),7449.0
1930,Ovini e caprini,Numero (n capi),6937.0
1931,Ovini e caprini,Numero (n capi),6898.0
1932,Ovini e caprini,Numero (n capi),6518.0
1933,Ovini e caprini,Numero (n capi),6211.0
1934,Ovini e caprini,Numero (n capi),5985.0
1935,Ovini e caprini,Numero (n capi),5830.0
1936,Ovini e caprini,Numero (n capi),6128.0
1937,Ovini e caprini,Numero (n capi),6117.0
1938,Ovini e caprini,Numero (n capi),6327.0
1939,Ovini e caprini,Numero (n capi),6988.0
1940,Ovini e caprini,Numero (n capi),7968.0
1941,Ovini e caprini,Numero (n capi),6736.0
1942,Ovini e caprini,Numero (n capi),4323.0
1943,Ovini e caprini,Numero (n capi),3078.0
1944,Ovini e caprini,Numero (n capi),1929.0
1945,Ovini e caprini,Numero (n capi),2956.0
1946,Ovini e caprini,Numero (n capi),4873.0
1947,Ovini e caprini,Numero (n capi),4290.0
1948,Ovini e caprini,Numero (n capi),5396.0
1949,Ovini e caprini,Numero (n capi),5418.0
1950,Ovini e caprini,Numero (n capi),5926.0
1951,Ovini e caprini,Numero (n capi),5824.0
1952,Ovini e caprini,Numero (n capi),5841.0
1953,Ovini e caprini,Numero (n capi),5795.0
1954,Ovini e caprini,Numero (n capi),5567.0
1955,Ovini e caprini,Numero (n capi),5153.0
1956,Ovini e caprini,Numero (n capi),5142.0
1957,Ovini e caprini,Numero (n capi),4732.0
1958,Ovini e caprini,Numero (n capi),5241.0
1959,Ovini e caprini,Numero (n capi),5257.0
1960,Ovini e caprini,Numero (n capi),5444.0
1911,Ovini e caprini,Peso (n morto),527.0
1912,Ovini e caprini,Peso (n morto),553.0
1913,Ovini e caprini,Peso (n morto),582.0
1914,Ovini e caprini,Peso (n morto),598.0
1915,Ovini e caprini,Peso (n morto),589.0
1916,Ovini e caprini,Peso (n morto),540.0
1917,Ovini e caprini,Peso (n morto),503.0
1918,Ovini e caprini,Peso (n morto),512.0
1919,Ovini e caprini,Peso (n morto),570.0
1920,Ovini e caprini,Peso (n morto),657.0
1921,Ovini e caprini,Peso (n morto),543.0
1922,Ovini e caprini,Peso (n morto),499.0
1923,Ovini e caprini,Peso (n morto),581.0
1924,Ovini e caprini,Peso (n morto),520.0
1925,Ovini e caprini,Peso (n morto),571.0
1926,Ovini e caprini,Peso (n morto),546.0
1927,Ovini e caprini,Peso (n morto),574.0
1928,Ovini e caprini,Peso (n morto),582.0
1929,Ovini e caprini,Peso (n morto),532.0
1930,Ovini e caprini,Peso (n morto),541.0
1931,Ovini e caprini,Peso (n morto),491.0
1932,Ovini e caprini,Peso (n morto),472.0
1933,Ovini e caprini,Peso (n morto),465.0
1934,Ovini e caprini,Peso (n morto),484.0
1935,Ovini e caprini,Peso (n morto),487.0
1936,Ovini e caprini,Peso (n morto),503.0
1937,Ovini e caprini,Peso (n morto),480.0
1938,Ovini e caprini,Peso (n morto),501.0
1939,Ovini e caprini,Peso (n morto),548.0
1940,Ovini e caprini,Peso (n morto),576.0
1941,Ovini e caprini,Peso (n morto),587.0
1942,Ovini e caprini,Peso (n morto),371.0
1943,Ovini e caprini,Peso (n morto),275.0
1944,Ovini e caprini,Peso (n morto),187.0
1945,Ovini e caprini,Peso (n morto),328.0
1946,Ovini e caprini,Peso (n morto),460.0
1947,Ovini e caprini,Peso (n morto),387.0
1948,Ovini e caprini,Peso (n morto),469.0
1949,Ovini e caprini,Peso (n morto),453.0
1950,Ovini e caprini,Peso (n morto),477.0
1951,Ovini e caprini,Peso (n morto),464.0
1952,Ovini e caprini,Peso (n morto),467.0
1953,Ovini e caprini,Peso (n morto),452.0
1954,Ovini e caprini,Peso (n morto),439.0
1955,Ovini e caprini,Peso (n morto),428.0
1956,Ovini e caprini,Peso (n morto),422.0
1957,Ovini e caprini,Peso (n morto),401.0
1958,Ovini e caprini,Peso (n morto),397.0
1959,Ovini e caprini,Peso (n morto),403.0
1960,Ovini e caprini,Peso (n morto),413.0
1911,Suini,Numero (n capi),3645.0
1912,Suini,Numero (n capi),3687.0
1913,Suini,Numero (n capi),3750.0
1914,Suini,Numero (n capi),4046.0
1915,Suini,Numero (n capi),3924.0
1916,Suini,Numero (n capi),3655.0
1917,Suini,Numero (n capi),3636.0
1918,Suini,Numero (n capi),3604.0
1919,Suini,Numero (n capi),3905.0
1920,Suini,Numero (n capi),3998.0
1921,Suini,Numero (n capi),3639.0
1922,Suini,Numero (n capi),4011.0
1923,Suini,Numero (n capi),3219.0
1924,Suini,Numero (n capi),3146.0
1925,Suini,Numero (n capi),3798.0
1926,Suini,Numero (n capi),4296.0
1927,Suini,Numero (n capi),4088.0
1928,Suini,Numero (n capi),3737.0
1929,Suini,Numero (n capi),4010.0
1930,Suini,Numero (n capi),4312.0
1931,Suini,Numero (n capi),4694.0
1932,Suini,Numero (n capi),3592.0
1933,Suini,Numero (n capi),3615.0
1934,Suini,Numero (n capi),3967.0
1935,Suini,Numero (n capi),4317.0
1936,Suini,Numero (n capi),4356.0
1937,Suini,Numero (n capi),3682.0
1938,Suini,Numero (n capi),4027.0
1939,Suini,Numero (n capi),4645.0
1940,Suini,Numero (n capi),4802.0
1941,Suini,Numero (n capi),4134.0
1942,Suini,Numero (n capi),3217.0
1943,Suini,Numero (n capi),1988.0
1944,Suini,Numero (n capi),1211.0
1945,Suini,Numero (n capi),2634.0
1946,Suini,Numero (n capi),3178.0
1947,Suini,Numero (n capi),2135.0
1948,Suini,Numero (n capi),2903.0
1949,Suini,Numero (n capi),3633.0
1950,Suini,Numero (n capi),2847.0
1951,Suini,Numero (n capi),2598.0
1952,Suini,Numero (n capi),3665.0
1953,Suini,Numero (n capi),3445.0
1954,Suini,Numero (n capi),2724.0
1955,Suini,Numero (n capi),2860.0
1956,Suini,Numero (n capi),3667.0
1957,Suini,Numero (n capi),3614.0
1958,Suini,Numero (n capi),3368.0
1959,Suini,Numero (n capi),3518.0
1960,Suini,Numero (n capi),4008.0
1911,Suini,Peso (n morto),3031.0
1912,Suini,Peso (n morto),3181.0
1913,Suini,Peso (n morto),3345.0
1914,Suini,Peso (n morto),3437.0
1915,Suini,Peso (n morto),3388.0
1916,Suini,Peso (n morto),3155.0
1917,Suini,Peso (n morto),2937.0
1918,Suini,Peso (n morto),2984.0
1919,Suini,Peso (n morto),3327.0
1920,Suini,Peso (n morto),3842.0
1921,Suini,Peso (n morto),3211.0
1922,Suini,Peso (n morto),3858.0
1923,Suini,Peso (n morto),2819.0
1924,Suini,Peso (n morto),2534.0
1925,Suini,Peso (n morto),3632.0
1926,Suini,Peso (n morto),4179.0
1927,Suini,Peso (n morto),3849.0
1928,Suini,Peso (n morto),3327.0
1929,Suini,Peso (n morto),3519.0
1930,Suini,Peso (n morto),4084.0
1931,Suini,Peso (n morto),4425.0
1932,Suini,Peso (n morto),3143.0
1933,Suini,Peso (n morto),3352.0
1934,Suini,Peso (n morto),3522.0
1935,Suini,Peso (n morto),4086.0
1936,Suini,Peso (n morto),3811.0
1937,Suini,Peso (n morto),3347.0
1938,Suini,Peso (n morto),3855.0
1939,Suini,Peso (n morto),4091.0
1940,Suini,Peso (n morto),4855.0
1941,Suini,Peso (n morto),4097.0
1942,Suini,Peso (n morto),2937.0
1943,Suini,Peso (n morto),1753.0
1944,Suini,Peso (n morto),994.0
1945,Suini,Peso (n morto),2225.0
1946,Suini,Peso (n morto),2673.0
1947,Suini,Peso (n morto),1834.0
1948,Suini,Peso (n morto),2586.0
1949,Suini,Peso (n morto),3262.0
1950,Suini,Peso (n morto),2595.0
1951,Suini,Peso (n morto),2467.0
1952,Suini,Peso (n morto),3483.0
1953,Suini,Peso (n morto),3269.0
1954,Suini,Peso (n morto),2675.0
1955,Suini,Peso (n morto),2859.0
1956,Suini,Peso (n morto),3669.0
1957,Suini,Peso (n morto),3631.0
1958,Suini,Peso (n morto),3430.0
1959,Suini,Peso (n morto),3622.0
1960,Suini,Peso (n morto),4148.0
1911,Equini,Numero (n capi),57.0
1912,Equini,Numero (n capi),58.0
1913,Equini,Numero (n capi),59.0
1914,Equini,Numero (n capi),61.0
1915,Equini,Numero (n capi),61.0
1916,Equini,Numero (n capi),84.0
1917,Equini,Numero (n capi),82.0
1918,Equini,Numero (n capi),82.0
1919,Equini,Numero (n capi),85.0
1920,Equini,Numero (n capi),90.0
1921,Equini,Numero (n capi),73.0
1922,Equini,Numero (n capi),54.0
1923,Equini,Numero (n capi),62.0
1924,Equini,Numero (n capi),75.0
1925,Equini,Numero (n capi),88.0
1926,Equini,Numero (n capi),92.0
1927,Equini,Numero (n capi),94.0
1928,Equini,Numero (n capi),104.0
1929,Equini,Numero (n capi),116.0
1930,Equini,Numero (n capi),102.0
1931,Equini,Numero (n capi),93.0
1932,Equini,Numero (n capi),93.0
1933,Equini,Numero (n capi),93.0
1934,Equini,Numero (n capi),93.0
1935,Equini,Numero (n capi),94.0
1936,Equini,Numero (n capi),94.0
1937,Equini,Numero (n capi),93.0
1938,Equini,Numero (n capi),85.0
1939,Equini,Numero (n capi),84.0
1940,Equini,Numero (n capi),77.0
1941,Equini,Numero (n capi),115.0
1942,Equini,Numero (n capi),89.0
1943,Equini,Numero (n capi),51.0
1944,Equini,Numero (n capi),57.0
1945,Equini,Numero (n capi),108.0
1946,Equini,Numero (n capi),111.0
1947,Equini,Numero (n capi),95.0
1948,Equini,Numero (n capi),103.0
1949,Equini,Numero (n capi),117.0
1950,Equini,Numero (n capi),137.0
1951,Equini,Numero (n capi),151.0
1952,Equini,Numero (n capi),145.0
1953,Equini,Numero (n capi),148.0
1954,Equini,Numero (n capi),183.0
1955,Equini,Numero (n capi),191.0
1956,Equini,Numero (n capi),182.0
1957,Equini,Numero (n capi),157.0
1958,Equini,Numero (n capi),140.0
1959,Equini,Numero (n capi),137.0
1960,Equini,Numero (n capi),145.0
1911,Equini,Peso (n morto),81.0
1912,Equini,Peso (n morto),85.0
1913,Equini,Peso (n morto),90.0
1914,Equini,Peso (n morto),91.0
1915,Equini,Peso (n morto),92.0
1916,Equini,Peso (n morto),121.0
1917,Equini,Peso (n morto),123.0
1918,Equini,Peso (n morto),123.0
1919,Equini,Peso (n morto),128.0
1920,Equini,Peso (n morto),130.0
1921,Equini,Peso (n morto),95.0
1922,Equini,Peso (n morto),73.0
1923,Equini,Peso (n morto),88.0
1924,Equini,Peso (n morto),102.0
1925,Equini,Peso (n morto),115.0
1926,Equini,Peso (n morto),122.0
1927,Equini,Peso (n morto),130.0
1928,Equini,Peso (n morto),149.0
1929,Equini,Peso (n morto),174.0
1930,Equini,Peso (n morto),142.0
1931,Equini,Peso (n morto),127.0
1932,Equini,Peso (n morto),127.0
1933,Equini,Peso (n morto),131.0
1934,Equini,Peso (n morto),131.0
1935,Equini,Peso (n morto),129.0
1936,Equini,Peso (n morto),127.0
1937,Equini,Peso (n morto),123.0
1938,Equini,Peso (n morto),104.0
1939,Equini,Peso (n morto),104.0
1940,Equini,Peso (n morto),101.0
1941,Equini,Peso (n morto),147.0
1942,Equini,Peso (n morto),111.0
1943,Equini,Peso (n morto),67.0
1944,Equini,Peso (n morto),73.0
1945,Equini,Peso (n morto),133.0
1946,Equini,Peso (n morto),152.0
1947,Equini,Peso (n morto),134.0
1948,Equini,Peso (n morto),143.0
1949,Equini,Peso (n morto),165.0
1950,Equini,Peso (n morto),191.0
1951,Equini,Peso (n morto),206.0
1952,Equini,Peso (n morto),194.0
1953,Equini,Peso (n morto),194.0
1954,Equini,Peso (n morto),248.0
1955,Equini,Peso (n morto),254.0
1956,Equini,Peso (n morto),222.0
1957,Equini,Peso (n morto),203.0
1958,Equini,Peso (n morto),191.0
1959,Equini,Peso (n morto),180.0
1960,Equini,Peso (n morto),191.0
1911,Pollame,Peso (n morto),480.0
1912,Pollame,Peso (n morto),496.0
1913,Pollame,Peso (n morto),504.0
1914,Pollame,Peso (n morto),516.0
1915,Pollame,Peso (n morto),528.0
1916,Pollame,Peso (n morto),540.0
1917,Pollame,Peso (n morto),552.0
1918,Pollame,Peso (n morto),560.0
1919,Pollame,Peso (n morto),548.0
1920,Pollame,Peso (n morto),540.0
1921,Pollame,Peso (n morto),532.0
1922,Pollame,Peso (n morto),524.0
1923,Pollame,Peso (n morto),536.0
1924,Pollame,Peso (n morto),544.0
1925,Pollame,Peso (n morto),556.0
1926,Pollame,Peso (n morto),568.0
1927,Pollame,Peso (n morto),576.0
1928,Pollame,Peso (n morto),584.0
1929,Pollame,Peso (n morto),592.0
1930,Pollame,Peso (n morto),596.0
1931,Pollame,Peso (n morto),600.0
1932,Pollame,Peso (n morto),608.0
1933,Pollame,Peso (n morto),616.0
1934,Pollame,Peso (n morto),624.0
1935,Pollame,Peso (n morto),640.0
1936,Pollame,Peso (n morto),648.0
1937,Pollame,Peso (n morto),656.0
1938,Pollame,Peso (n morto),660.0
1939,Pollame,Peso (n morto),658.0
1940,Pollame,Peso (n morto),640.0
1941,Pollame,Peso (n morto),600.0
1942,Pollame,Peso (n morto),560.0
1943,Pollame,Peso (n morto),480.0
1944,Pollame,Peso (n morto),400.0
1945,Pollame,Peso (n morto),336.0
1946,Pollame,Peso (n morto),352.0
1947,Pollame,Peso (n morto),448.0
1948,Pollame,Peso (n morto),495.0
1949,Pollame,Peso (n morto),562.0
1950,Pollame,Peso (n morto),584.0
1951,Pollame,Peso (n morto),770.0
1952,Pollame,Peso (n morto),786.0
1953,Pollame,Peso (n morto),827.0
1954,Pollame,Peso (n morto),943.0
1955,Pollame,Peso (n morto),987.0
1956,Pollame,Peso (n morto),1048.0
1957,Pollame,Peso (n morto),1293.0
1958,Pollame,Peso (n morto),1471.0
1959,Pollame,Peso (n morto),1675.0
1960,Pollame,Peso (n morto),2216.0
1911,Conigli e selvaggina,Peso (n morto),85.0
1912,Conigli e selvaggina,Peso (n morto),89.0
1913,Conigli e selvaggina,Peso (n morto),97.0
1914,Conigli e selvaggina,Peso (n morto),109.0
1915,Conigli e selvaggina,Peso (n morto),120.0
1916,Conigli e selvaggina,Peso (n morto),135.0
1917,Conigli e selvaggina,Peso (n morto),152.0
1918,Conigli e selvaggina,Peso (n morto),158.0
1919,Conigli e selvaggina,Peso (n morto),153.0
1920,Conigli e selvaggina,Peso (n morto),152.0
1921,Conigli e selvaggina,Peso (n morto),161.0
1922,Conigli e selvaggina,Peso (n morto),150.0
1923,Conigli e selvaggina,Peso (n morto),160.0
1924,Conigli e selvaggina,Peso (n morto),163.0
1925,Conigli e selvaggina,Peso (n morto),170.0
1926,Conigli e selvaggina,Peso (n morto),180.0
1927,Conigli e selvaggina,Peso (n morto),190.0
1928,Conigli e selvaggina,Peso (n morto),205.0
1929,Conigli e selvaggina,Peso (n morto),225.0
1930,Conigli e selvaggina,Peso (n morto),250.0
1931,Conigli e selvaggina,Peso (n morto),278.0
1932,Conigli e selvaggina,Peso (n morto),310.0
1933,Conigli e selvaggina,Peso (n morto),350.0
1934,Conigli e selvaggina,Peso (n morto),395.0
1935,Conigli e selvaggina,Peso (n morto),450.0
1936,Conigli e selvaggina,Peso (n morto),510.0
1937,Conigli e selvaggina,Peso (n morto),525.0
1938,Conigli e selvaggina,Peso (n morto),550.0
1939,Conigli e selvaggina,Peso (n morto),600.0
1940,Conigli e selvaggina,Peso (n morto),660.0
1941,Conigli e selvaggina,Peso (n morto),720.0
1942,Conigli e selvaggina,Peso (n morto),770.0
1943,Conigli e selvaggina,Peso (n morto),800.0
1944,Conigli e selvaggina,Peso (n morto),790.0
1945,Conigli e selvaggina,Peso (n morto),750.0
1946,Conigli e selvaggina,Peso (n morto),660.0
1947,Conigli e selvaggina,Peso (n morto),570.0
1948,Conigli e selvaggina,Peso (n morto),520.0
1949,Conigli e selvaggina,Peso (n morto),480.0
1950,Conigli e selvaggina,Peso (n morto),450.0
1951,Conigli e selvaggina,Peso (n morto),466.0
1952,Conigli e selvaggina,Peso (n morto),486.0
1953,Conigli e selvaggina,Peso (n morto),477.0
1954,Conigli e selvaggina,Peso (n morto),479.0
1955,Conigli e selvaggina,Peso (n morto),477.0
1956,Conigli e selvaggina,Peso (n morto),486.0
1957,Conigli e selvaggina,Peso (n morto),471.0
1958,Conigli e selvaggina,Peso (n morto),504.0
1959,Conigli e selvaggina,Peso (n morto),529.0
1960,Conigli e selvaggina,Peso (n morto),571.0
1961,Bovini e bufalini,Numero (n capi),3568.0
1962,Bovini e bufalini,Numero (n capi),3843.0
1963,Bovini e bufalini,Numero (n capi),3098.0
1964,Bovini e bufalini,Numero (n capi),2691.0
1965,Bovini e bufalini,Numero (n capi),2761.0
1966,Bovini e bufalini,Numero (n capi),3187.0
1967,Bovini e bufalini,Numero (n capi),3143.0
1968,Bovini e bufalini,Numero (n capi),3120.0
1969,Bovini e bufalini,Numero (n capi),3566.0
1970,Bovini e bufalini,Numero (n capi),3237.0
1971,Bovini e bufalini,Numero (n capi),2743.0
1972,Bovini e bufalini,Numero (n capi),2223.0
1973,Bovini e bufalini,Numero (n capi),2264.0
1974,Bovini e bufalini,Numero (n capi),4977.0
1975,Bovini e bufalini,Numero (n capi),4518.0
1976,Bovini e bufalini,Numero (n capi),4632.0
1977,Bovini e bufalini,Numero (n capi),4783.0
1978,Bovini e bufalini,Numero (n capi),4685.0
1979,Bovini e bufalini,Numero (n capi),4988.0
1980,Bovini e bufalini,Numero (n capi),5128.0
1981,Bovini e bufalini,Numero (n capi),4912.0
1982,Bovini e bufalini,Numero (n capi),4794.0
1983,Bovini e bufalini,Numero (n capi),4938.0
1984,Bovini e bufalini,Numero (n capi),5132.0
1985,Bovini e bufalini,Numero (n capi),5191.0
1986,Bovini e bufalini,Numero (n capi),5101.0
1987,Bovini e bufalini,Numero (n capi),4977.0
1988,Bovini e bufalini,Numero (n capi),4919.0
1989,Bovini e bufalini,Numero (n capi),4874.0
1990,Bovini e bufalini,Numero (n capi),4884.0
1991,Bovini e bufalini,Numero (n capi),4955.0
1992,Bovini e bufalini,Numero (n capi),5067.0
1993,Bovini e bufalini,Numero (n capi),4863.0
1994,Bovini e bufalini,Numero (n capi),4755.0
1995,Bovini e bufalini,Numero (n capi),4732.0
1996,Bovini e bufalini,Numero (n capi),4636.0
1997,Bovini e bufalini,Numero (n capi),4611.0
1998,Bovini e bufalini,Numero (n capi),4416.0
1999,Bovini e bufalini,Numero (n capi),4496.0
2000,Bovini e bufalini,Numero (n capi),4433.0
2001,Bovini e bufalini,Numero (n capi),4259.0
2002,Bovini e bufalini,Numero (n capi),4340.0
2003,Bovini e bufalini,Numero (n capi),4216.0
2004,Bovini e bufalini,Numero (n capi),4210.0
2005,Bovini e bufalini,Numero (n capi),4106.0
2006,Bovini e bufalini,Numero (n capi),4050.0
2007,Bovini e bufalini,Numero (n capi),3979.0
2008,Bovini e bufalini,Numero (n capi),3833.0
2009,Bovini e bufalini,Numero (n capi),3838.0
2010,Bovini e bufalini,Numero (n capi),3862.0
1961,Bovini e bufalini,Peso (n morto),6214.0
1962,Bovini e bufalini,Peso (n morto),6680.0
1963,Bovini e bufalini,Peso (n morto),5244.0
1964,Bovini e bufalini,Peso (n morto),5293.0
1965,Bovini e bufalini,Peso (n morto),5771.0
1966,Bovini e bufalini,Peso (n morto),6911.0
1967,Bovini e bufalini,Peso (n morto),7150.0
1968,Bovini e bufalini,Peso (n morto),7824.0
1969,Bovini e bufalini,Peso (n morto),8310.0
1970,Bovini e bufalini,Peso (n morto),8272.0
1971,Bovini e bufalini,Peso (n morto),7667.0
1972,Bovini e bufalini,Peso (n morto),6415.0
1973,Bovini e bufalini,Peso (n morto),7509.0
1974,Bovini e bufalini,Peso (n morto),10755.0
1975,Bovini e bufalini,Peso (n morto),9654.0
1976,Bovini e bufalini,Peso (n morto),10176.0
1977,Bovini e bufalini,Peso (n morto),10519.0
1978,Bovini e bufalini,Peso (n morto),10268.0
1979,Bovini e bufalini,Peso (n morto),11056.0
1980,Bovini e bufalini,Peso (n morto),11479.0
1981,Bovini e bufalini,Peso (n morto),11108.0
1982,Bovini e bufalini,Peso (n morto),11070.0
1983,Bovini e bufalini,Peso (n morto),11490.0
1984,Bovini e bufalini,Peso (n morto),11819.0
1985,Bovini e bufalini,Peso (n morto),12048.0
1986,Bovini e bufalini,Peso (n morto),11800.0
1987,Bovini e bufalini,Peso (n morto),11745.0
1988,Bovini e bufalini,Peso (n morto),11641.0
1989,Bovini e bufalini,Peso (n morto),11459.0
1990,Bovini e bufalini,Peso (n morto),11653.0
1991,Bovini e bufalini,Peso (n morto),11816.0
1992,Bovini e bufalini,Peso (n morto),12175.0
1993,Bovini e bufalini,Peso (n morto),11877.0
1994,Bovini e bufalini,Peso (n morto),11712.0
1995,Bovini e bufalini,Peso (n morto),11809.0
1996,Bovini e bufalini,Peso (n morto),11820.0
1997,Bovini e bufalini,Peso (n morto),11611.0
1998,Bovini e bufalini,Peso (n morto),11127.0
1999,Bovini e bufalini,Peso (n morto),11648.0
2000,Bovini e bufalini,Peso (n morto),11534.0
2001,Bovini e bufalini,Peso (n morto),11330.0
2002,Bovini e bufalini,Peso (n morto),11348.0
2003,Bovini e bufalini,Peso (n morto),11282.0
2004,Bovini e bufalini,Peso (n morto),11483.0
2005,Bovini e bufalini,Peso (n morto),11081.0
2006,Bovini e bufalini,Peso (n morto),11103.0
2007,Bovini e bufalini,Peso (n morto),11226.0
2008,Bovini e bufalini,Peso (n morto),10593.0
2009,Bovini e bufalini,Peso (n morto),10550.0
2010,Bovini e bufalini,Peso (n morto),10753.0
1961,Ovini e caprini,Numero (n capi),5496.0
1962,Ovini e caprini,Numero (n capi),5752.0
1963,Ovini e caprini,Numero (n capi),5473.0
1964,Ovini e caprini,Numero (n capi),5301.0
1965,Ovini e caprini,Numero (n capi),5213.0
1966,Ovini e caprini,Numero (n capi),5387.0
1967,Ovini e caprini,Numero (n capi),5675.0
1968,Ovini e caprini,Numero (n capi),5917.0
1969,Ovini e caprini,Numero (n capi),5741.0
1970,Ovini e caprini,Numero (n capi),6057.0
1971,Ovini e caprini,Numero (n capi),5946.0
1972,Ovini e caprini,Numero (n capi),5762.0
1973,Ovini e caprini,Numero (n capi),5610.0
1974,Ovini e caprini,Numero (n capi),5775.0
1975,Ovini e caprini,Numero (n capi),5935.0
1976,Ovini e caprini,Numero (n capi),5920.0
1977,Ovini e caprini,Numero (n capi),5825.0
1978,Ovini e caprini,Numero (n capi),5765.0
1979,Ovini e caprini,Numero (n capi),7633.0
1980,Ovini e caprini,Numero (n capi),7982.0
1981,Ovini e caprini,Numero (n capi),7692.0
1982,Ovini e caprini,Numero (n capi),7527.0
1983,Ovini e caprini,Numero (n capi),7618.0
1984,Ovini e caprini,Numero (n capi),8047.0
1985,Ovini e caprini,Numero (n capi),8119.0
1986,Ovini e caprini,Numero (n capi),7959.0
1987,Ovini e caprini,Numero (n capi),8196.0
1988,Ovini e caprini,Numero (n capi),8467.0
1989,Ovini e caprini,Numero (n capi),9126.0
1990,Ovini e caprini,Numero (n capi),9582.0
1991,Ovini e caprini,Numero (n capi),9629.0
1992,Ovini e caprini,Numero (n capi),9655.0
1993,Ovini e caprini,Numero (n capi),8901.0
1994,Ovini e caprini,Numero (n capi),8553.0
1995,Ovini e caprini,Numero (n capi),8473.0
1996,Ovini e caprini,Numero (n capi),8362.0
1997,Ovini e caprini,Numero (n capi),8105.0
1998,Ovini e caprini,Numero (n capi),7806.0
1999,Ovini e caprini,Numero (n capi),7814.0
2000,Ovini e caprini,Numero (n capi),7420.0
2001,Ovini e caprini,Numero (n capi),7170.0
2002,Ovini e caprini,Numero (n capi),6935.0
2003,Ovini e caprini,Numero (n capi),6719.0
2004,Ovini e caprini,Numero (n capi),7027.0
2005,Ovini e caprini,Numero (n capi),6849.0
2006,Ovini e caprini,Numero (n capi),6899.0
2007,Ovini e caprini,Numero (n capi),6883.0
2008,Ovini e caprini,Numero (n capi),6501.0
2009,Ovini e caprini,Numero (n capi),6423.0
2010,Ovini e caprini,Numero (n capi),5988.0
1961,Ovini e caprini,Peso (n morto),418.0
1962,Ovini e caprini,Peso (n morto),442.0
1963,Ovini e caprini,Peso (n morto),420.0
1964,Ovini e caprini,Peso (n morto),396.0
1965,Ovini e caprini,Peso (n morto),379.0
1966,Ovini e caprini,Peso (n morto),392.0
1967,Ovini e caprini,Peso (n morto),424.0
1968,Ovini e caprini,Peso (n morto),437.0
1969,Ovini e caprini,Peso (n morto),427.0
1970,Ovini e caprini,Peso (n morto),452.0
1971,Ovini e caprini,Peso (n morto),443.0
1972,Ovini e caprini,Peso (n morto),419.0
1973,Ovini e caprini,Peso (n morto),424.0
1974,Ovini e caprini,Peso (n morto),606.0
1975,Ovini e caprini,Peso (n morto),647.0
1976,Ovini e caprini,Peso (n morto),621.0
1977,Ovini e caprini,Peso (n morto),648.0
1978,Ovini e caprini,Peso (n morto),632.0
1979,Ovini e caprini,Peso (n morto),680.0
1980,Ovini e caprini,Peso (n morto),717.0
1981,Ovini e caprini,Peso (n morto),687.0
1982,Ovini e caprini,Peso (n morto),677.0
1983,Ovini e caprini,Peso (n morto),674.0
1984,Ovini e caprini,Peso (n morto),706.0
1985,Ovini e caprini,Peso (n morto),700.0
1986,Ovini e caprini,Peso (n morto),674.0
1987,Ovini e caprini,Peso (n morto),704.0
1988,Ovini e caprini,Peso (n morto),729.0
1989,Ovini e caprini,Peso (n morto),791.0
1990,Ovini e caprini,Peso (n morto),847.0
1991,Ovini e caprini,Peso (n morto),848.0
1992,Ovini e caprini,Peso (n morto),860.0
1993,Ovini e caprini,Peso (n morto),808.0
1994,Ovini e caprini,Peso (n morto),789.0
1995,Ovini e caprini,Peso (n morto),765.0
1996,Ovini e caprini,Peso (n morto),776.0
1997,Ovini e caprini,Peso (n morto),758.0
1998,Ovini e caprini,Peso (n morto),733.0
1999,Ovini e caprini,Peso (n morto),734.0
2000,Ovini e caprini,Peso (n morto),690.0
2001,Ovini e caprini,Peso (n morto),661.0
2002,Ovini e caprini,Peso (n morto),629.0
2003,Ovini e caprini,Peso (n morto),616.0
2004,Ovini e caprini,Peso (n morto),628.0
2005,Ovini e caprini,Peso (n morto),616.0
2006,Ovini e caprini,Peso (n morto),614.0
2007,Ovini e caprini,Peso (n morto),613.0
2008,Ovini e caprini,Peso (n morto),597.0
2009,Ovini e caprini,Peso (n morto),590.0
2010,Ovini e caprini,Peso (n morto),543.0
1961,Suini,Numero (n capi),3869.0
1962,Suini,Numero (n capi),3688.0
1963,Suini,Numero (n capi),3463.0
1964,Suini,Numero (n capi),4503.0
1965,Suini,Numero (n capi),4609.0
1966,Suini,Numero (n capi),4056.0
1967,Suini,Numero (n capi),4270.0
1968,Suini,Numero (n capi),5168.0
1969,Suini,Numero (n capi),5167.0
1970,Suini,Numero (n capi),6939.0
1971,Suini,Numero (n capi),6454.0
1972,Suini,Numero (n capi),6622.0
1973,Suini,Numero (n capi),6840.0
1974,Suini,Numero (n capi),7605.0
1975,Suini,Numero (n capi),8170.0
1976,Suini,Numero (n capi),8388.0
1977,Suini,Numero (n capi),9169.0
1978,Suini,Numero (n capi),9621.0
1979,Suini,Numero (n capi),10041.0
1980,Suini,Numero (n capi),10285.0
1981,Suini,Numero (n capi),10535.0
1982,Suini,Numero (n capi),10542.0
1983,Suini,Numero (n capi),10952.0
1984,Suini,Numero (n capi),11447.0
1985,Suini,Numero (n capi),11229.0
1986,Suini,Numero (n capi),11073.0
1987,Suini,Numero (n capi),11444.0
1988,Suini,Numero (n capi),11737.0
1989,Suini,Numero (n capi),11972.0
1990,Suini,Numero (n capi),12134.0
1991,Suini,Numero (n capi),12189.0
1992,Suini,Numero (n capi),12259.0
1993,Suini,Numero (n capi),12241.0
1994,Suini,Numero (n capi),12135.0
1995,Suini,Numero (n capi),11992.0
1996,Suini,Numero (n capi),11944.0
1997,Suini,Numero (n capi),12164.0
1998,Suini,Numero (n capi),12571.0
1999,Suini,Numero (n capi),12992.0
2000,Suini,Numero (n capi),12920.0
2001,Suini,Numero (n capi),13153.0
2002,Suini,Numero (n capi),13267.0
2003,Suini,Numero (n capi),13576.0
2004,Suini,Numero (n capi),13583.0
2005,Suini,Numero (n capi),13010.0
2006,Suini,Numero (n capi),13380.0
2007,Suini,Numero (n capi),13596.0
2008,Suini,Numero (n capi),13616.0
2009,Suini,Numero (n capi),13594.0
2010,Suini,Numero (n capi),13764.0
1961,Suini,Peso (n morto),3946.0
1962,Suini,Peso (n morto),3811.0
1963,Suini,Peso (n morto),3654.0
1964,Suini,Peso (n morto),4704.0
1965,Suini,Peso (n morto),4745.0
1966,Suini,Peso (n morto),4254.0
1967,Suini,Peso (n morto),4508.0
1968,Suini,Peso (n morto),5391.0
1969,Suini,Peso (n morto),5281.0
1970,Suini,Peso (n morto),5647.0
1971,Suini,Peso (n morto),6115.0
1972,Suini,Peso (n morto),6248.0
1973,Suini,Peso (n morto),6594.0
1974,Suini,Peso (n morto),7380.0
1975,Suini,Peso (n morto),7867.0
1976,Suini,Peso (n morto),8159.0
1977,Suini,Peso (n morto),9041.0
1978,Suini,Peso (n morto),9666.0
1979,Suini,Peso (n morto),10334.0
1980,Suini,Peso (n morto),10855.0
1981,Suini,Peso (n morto),11058.0
1982,Suini,Peso (n morto),11081.0
1983,Suini,Peso (n morto),11659.0
1984,Suini,Peso (n morto),12181.0
1985,Suini,Peso (n morto),11869.0
1986,Suini,Peso (n morto),11722.0
1987,Suini,Peso (n morto),12306.0
1988,Suini,Peso (n morto),12691.0
1989,Suini,Peso (n morto),12953.0
1990,Suini,Peso (n morto),13330.0
1991,Suini,Peso (n morto),13328.0
1992,Suini,Peso (n morto),13419.0
1993,Suini,Peso (n morto),13713.0
1994,Suini,Peso (n morto),13693.0
1995,Suini,Peso (n morto),13456.0
1996,Suini,Peso (n morto),14103.0
1997,Suini,Peso (n morto),13958.0
1998,Suini,Peso (n morto),14122.0
1999,Suini,Peso (n morto),14717.0
2000,Suini,Peso (n morto),14784.0
2001,Suini,Peso (n morto),15096.0
2002,Suini,Peso (n morto),15367.0
2003,Suini,Peso (n morto),15887.0
2004,Suini,Peso (n morto),15899.0
2005,Suini,Peso (n morto),15147.0
2006,Suini,Peso (n morto),15592.0
2007,Suini,Peso (n morto),16033.0
2008,Suini,Peso (n morto),16060.0
2009,Suini,Peso (n morto),16280.0
2010,Suini,Peso (n morto),16730.0
1961,Equini,Numero (n capi),183.0
1962,Equini,Numero (n capi),177.0
1963,Equini,Numero (n capi),132.0
1964,Equini,Numero (n capi),120.0
1965,Equini,Numero (n capi),114.0
1966,Equini,Numero (n capi),117.0
1967,Equini,Numero (n capi),105.0
1968,Equini,Numero (n capi),131.0
1969,Equini,Numero (n capi),106.0
1970,Equini,Numero (n capi),148.0
1971,Equini,Numero (n capi),155.0
1972,Equini,Numero (n capi),99.0
1973,Equini,Numero (n capi),93.0
1974,Equini,Numero (n capi),268.0
1975,Equini,Numero (n capi),301.0
1976,Equini,Numero (n capi),310.0
1977,Equini,Numero (n capi),309.0
1978,Equini,Numero (n capi),320.0
1979,Equini,Numero (n capi),313.0
1980,Equini,Numero (n capi),282.0
1981,Equini,Numero (n capi),261.0
1982,Equini,Numero (n capi),232.0
1983,Equini,Numero (n capi),239.0
1984,Equini,Numero (n capi),256.0
1985,Equini,Numero (n capi),272.0
1986,Equini,Numero (n capi),263.0
1987,Equini,Numero (n capi),257.0
1988,Equini,Numero (n capi),252.0
1989,Equini,Numero (n capi),258.0
1990,Equini,Numero (n capi),259.0
1991,Equini,Numero (n capi),259.0
1992,Equini,Numero (n capi),276.0
1993,Equini,Numero (n capi),276.0
1994,Equini,Numero (n capi),268.0
1995,Equini,Numero (n capi),260.0
1996,Equini,Numero (n capi),248.0
1997,Equini,Numero (n capi),240.0
1998,Equini,Numero (n capi),227.0
1999,Equini,Numero (n capi),227.0
2000,Equini,Numero (n capi),235.0
2001,Equini,Numero (n capi),281.0
2002,Equini,Numero (n capi),199.0
2003,Equini,Numero (n capi),188.0
2004,Equini,Numero (n capi),202.0
2005,Equini,Numero (n capi),138.0
2006,Equini,Numero (n capi),167.0
2007,Equini,Numero (n capi),100.0
2008,Equini,Numero (n capi),99.0
2009,Equini,Numero (n capi),84.0
2010,Equini,Numero (n capi),67.0
1961,Equini,Peso (n morto),247.0
1962,Equini,Peso (n morto),219.0
1963,Equini,Peso (n morto),158.0
1964,Equini,Peso (n morto),142.0
1965,Equini,Peso (n morto),139.0
1966,Equini,Peso (n morto),139.0
1967,Equini,Peso (n morto),127.0
1968,Equini,Peso (n morto),157.0
1969,Equini,Peso (n morto),146.0
1970,Equini,Peso (n morto),200.0
1971,Equini,Peso (n morto),241.0
1972,Equini,Peso (n morto),151.0
1973,Equini,Peso (n morto),135.0
1974,Equini,Peso (n morto),458.0
1975,Equini,Peso (n morto),519.0
1976,Equini,Peso (n morto),577.0
1977,Equini,Peso (n morto),574.0
1978,Equini,Peso (n morto),590.0
1979,Equini,Peso (n morto),574.0
1980,Equini,Peso (n morto),522.0
1981,Equini,Peso (n morto),481.0
1982,Equini,Peso (n morto),447.0
1983,Equini,Peso (n morto),480.0
1984,Equini,Peso (n morto),516.0
1985,Equini,Peso (n morto),554.0
1986,Equini,Peso (n morto),545.0
1987,Equini,Peso (n morto),542.0
1988,Equini,Peso (n morto),533.0
1989,Equini,Peso (n morto),542.0
1990,Equini,Peso (n morto),570.0
1991,Equini,Peso (n morto),581.0
1992,Equini,Peso (n morto),621.0
1993,Equini,Peso (n morto),603.0
1994,Equini,Peso (n morto),581.0
1995,Equini,Peso (n morto),559.0
1996,Equini,Peso (n morto),537.0
1997,Equini,Peso (n morto),530.0
1998,Equini,Peso (n morto),504.0
1999,Equini,Peso (n morto),504.0
2000,Equini,Peso (n morto),510.0
2001,Equini,Peso (n morto),631.0
2002,Equini,Peso (n morto),457.0
2003,Equini,Peso (n morto),441.0
2004,Equini,Peso (n morto),484.0
2005,Equini,Peso (n morto),333.0
2006,Equini,Peso (n morto),412.0
2007,Equini,Peso (n morto),252.0
2008,Equini,Peso (n morto),247.0
2009,Equini,Peso (n morto),216.0
2010,Equini,Peso (n morto),179.0
1961,Pollame,Peso (n morto),2607.0
1962,Pollame,Peso (n morto),3076.0
1963,Pollame,Peso (n morto),3594.0
1964,Pollame,Peso (n morto),4284.0
1965,Pollame,Peso (n morto),5120.0
1966,Pollame,Peso (n morto),5535.0
1967,Pollame,Peso (n morto),5371.0
1968,Pollame,Peso (n morto),5322.0
1969,Pollame,Peso (n morto),5789.0
1970,Pollame,Peso (n morto),6264.0
1971,Pollame,Peso (n morto),6530.0
1972,Pollame,Peso (n morto),7094.0
1973,Pollame,Peso (n morto),7958.0
1974,Pollame,Peso (n morto),8329.0
1975,Pollame,Peso (n morto),8502.0
1976,Pollame,Peso (n morto),8969.0
1977,Pollame,Peso (n morto),9161.0
1978,Pollame,Peso (n morto),9566.0
1979,Pollame,Peso (n morto),9799.0
1980,Pollame,Peso (n morto),10144.0
1981,Pollame,Peso (n morto),10091.0
1982,Pollame,Peso (n morto),10403.0
1983,Pollame,Peso (n morto),10435.0
1984,Pollame,Peso (n morto),10192.0
1985,Pollame,Peso (n morto),9963.0
1986,Pollame,Peso (n morto),10083.0
1987,Pollame,Peso (n morto),10521.0
1988,Pollame,Peso (n morto),10722.0
1989,Pollame,Peso (n morto),10740.0
1990,Pollame,Peso (n morto),11040.0
1991,Pollame,Peso (n morto),10890.0
1992,Pollame,Peso (n morto),10947.0
1993,Pollame,Peso (n morto),10890.0
1994,Pollame,Peso (n morto),10941.0
1995,Pollame,Peso (n morto),10939.0
1996,Pollame,Peso (n morto),11192.0
1997,Pollame,Peso (n morto),11392.0
1998,Pollame,Peso (n morto),11504.0
1999,Pollame,Peso (n morto),11328.0
2000,Pollame,Peso (n morto),10888.0
2001,Pollame,Peso (n morto),11352.0
2002,Pollame,Peso (n morto),11690.0
2003,Pollame,Peso (n morto),11005.0
2004,Pollame,Peso (n morto),11335.0
2005,Pollame,Peso (n morto),10995.0
2006,Pollame,Peso (n morto),9842.0
2007,Pollame,Peso (n morto),11770.0
2008,Pollame,Peso (n morto),12371.0
2009,Pollame,Peso (n morto),12471.0
2010,Pollame,Peso (n morto),13190.0
1961,Conigli e selvaggina,Peso (n morto),543.0
1962,Conigli e selvaggina,Peso (n morto),568.0
1963,Conigli e selvaggina,Peso (n morto),632.0
1964,Conigli e selvaggina,Peso (n morto),654.0
1965,Conigli e selvaggina,Peso (n morto),701.0
1966,Conigli e selvaggina,Peso (n morto),762.0
1967,Conigli e selvaggina,Peso (n morto),792.0
1968,Conigli e selvaggina,Peso (n morto),822.0
1969,Conigli e selvaggina,Peso (n morto),870.0
1970,Conigli e selvaggina,Peso (n morto),942.0
1971,Conigli e selvaggina,Peso (n morto),1018.0
1972,Conigli e selvaggina,Peso (n morto),1140.0
1973,Conigli e selvaggina,Peso (n morto),1214.0
1974,Conigli e selvaggina,Peso (n morto),1342.0
1975,Conigli e selvaggina,Peso (n morto),1392.0
1976,Conigli e selvaggina,Peso (n morto),1402.0
1977,Conigli e selvaggina,Peso (n morto),1479.0
1978,Conigli e selvaggina,Peso (n morto),1581.0
1979,Conigli e selvaggina,Peso (n morto),1731.0
1980,Conigli e selvaggina,Peso (n morto),1835.0
1981,Conigli e selvaggina,Peso (n morto),1890.0
1982,Conigli e selvaggina,Peso (n morto),1914.0
1983,Conigli e selvaggina,Peso (n morto),1944.0
1984,Conigli e selvaggina,Peso (n morto),1971.0
1985,Conigli e selvaggina,Peso (n morto),2004.0
1986,Conigli e selvaggina,Peso (n morto),2028.0
1987,Conigli e selvaggina,Peso (n morto),2059.0
1988,Conigli e selvaggina,Peso (n morto),2155.0
1989,Conigli e selvaggina,Peso (n morto),2064.0
1990,Conigli e selvaggina,Peso (n morto),2029.0
1991,Conigli e selvaggina,Peso (n morto),2163.0
1992,Conigli e selvaggina,Peso (n morto),2234.0
1993,Conigli e selvaggina,Peso (n morto),2252.0
1994,Conigli e selvaggina,Peso (n morto),2303.0
1995,Conigli e selvaggina,Peso (n morto),2331.0
1996,Conigli e selvaggina,Peso (n morto),2375.0
1997,Conigli e selvaggina,Peso (n morto),2399.0
1998,Conigli e selvaggina,Peso (n morto),2412.0
1999,Conigli e selvaggina,Peso (n morto),2455.0
2000,Conigli e selvaggina,Peso (n morto),2435.0
2001,Conigli e selvaggina,Peso (n morto),2499.0
2002,Conigli e selvaggina,Peso (n morto),2521.0
2003,Conigli e selvaggina,Peso (n morto),2483.0
2004,Conigli e selvaggina,Peso (n morto),2888.0
2005,Conigli e selvaggina,Peso (n morto),3018.0
2006,Conigli e selvaggina,Peso (n morto),2970.0
2007,Conigli e selvaggina,Peso (n morto),3099.0
2008,Conigli e selvaggina,Peso (n morto),1825.0
2009,Conigli e selvaggina,Peso (n morto),1695.0
2010,Conigli e selvaggina,Peso (n morto),1674.0
2011,Bovini e bufalini,Numero (n capi),3616.0
2012,Bovini e bufalini,Numero (n capi),3529.0
2013,Bovini e bufalini,Numero (n capi),3065.0
2014,Bovini e bufalini,Numero (n capi),2590.0
2015,Bovini e bufalini,Numero (n capi),2712.0
2011,Bovini e bufalini,Peso (n morto),10110.0
2012,Bovini e bufalini,Peso (n morto),9817.0
2013,Bovini e bufalini,Peso (n morto),8540.0
2014,Bovini e bufalini,Peso (n morto),7094.0
2015,Bovini e bufalini,Peso (n morto),7883.0
2011,Ovini e caprini,Numero (n capi),5513.0
2012,Ovini e caprini,Numero (n capi),5352.0
2013,Ovini e caprini,Numero (n capi),3169.0
2014,Ovini e caprini,Numero (n capi),2650.0
2015,Ovini e caprini,Numero (n capi),2924.0
2011,Ovini e caprini,Peso (n morto),493.0
2012,Ovini e caprini,Peso (n morto),476.0
2013,Ovini e caprini,Peso (n morto),355.0
2014,Ovini e caprini,Peso (n morto),266.0
2015,Ovini e caprini,Peso (n morto),354.0
2011,Suini,Numero (n capi),13097.0
2012,Suini,Numero (n capi),13377.0
2013,Suini,Numero (n capi),13099.0
2014,Suini,Numero (n capi),10931.0
2015,Suini,Numero (n capi),11304.0
2011,Suini,Peso (n morto),16019.0
2012,Suini,Peso (n morto),16508.0
2013,Suini,Peso (n morto),16524.0
2014,Suini,Peso (n morto),13278.0
2015,Suini,Peso (n morto),14914.0
2011,Equini,Numero (n capi),62.0
2012,Equini,Numero (n capi),72.0
2013,Equini,Numero (n capi),53.0
2014,Equini,Numero (n capi),42.0
2015,Equini,Numero (n capi),35.0
2011,Equini,Peso (n morto),165.0
2012,Equini,Peso (n morto),181.0
2013,Equini,Peso (n morto),152.0
2014,Equini,Peso (n morto),109.0
2015,Equini,Peso (n morto),100.0
2011,Pollame,Peso (n morto),12116.0
2012,Pollame,Peso (n morto),12554.0
2013,Pollame,Peso (n morto),12255.0
2014,Pollame,Peso (n morto),12401.0
2015,Pollame,Peso (n morto),12923.34038
2011,Conigli e selvaggina,Peso (n morto),387.0
2012,Conigli e selvaggina,Peso (n morto),382.0
2013,Conigli e selvaggina,Peso (n morto),362.0
2014,Conigli e selvaggina,Peso (n morto),365.0
2015,Conigli e selvaggina,Peso (n morto),347.0
